{"cameraMode":{"drawMode":0,"name":"Shaded","section":"Shading Mode"},"sceneLighting":true,"audioPlay":false,"sceneViewState":{"showFog":true,"showMaterialUpdate":false,"showSkybox":true,"showFlares":true,"showImageEffects":true,"showParticleSystems":true,"showVisualEffectGraphs":true,"m_FxEnabled":true},"in2DMode":false,"pivot":{"x":-14.518681526184082,"y":4.299886703491211,"z":4.038725852966309},"rotation":{"x":-0.16601301729679109,"y":0.018342746421694757,"z":-0.003089009551331401,"w":-0.9859765768051148},"size":5.813520431518555,"orthographic":false}