{"cameraMode":{"drawMode":0,"name":"Shaded","section":"Shading Mode"},"sceneLighting":true,"audioPlay":false,"sceneViewState":{"showFog":true,"showMaterialUpdate":false,"showSkybox":true,"showFlares":true,"showImageEffects":true,"showParticleSystems":true,"showVisualEffectGraphs":true,"m_FxEnabled":true},"in2DMode":false,"pivot":{"x":10.315645217895508,"y":-22.214454650878908,"z":89.11625671386719},"rotation":{"x":-0.12551219761371613,"y":0.0853162333369255,"z":-0.010851866565644741,"w":-0.9884061813354492},"size":61.476470947265628,"orthographic":false}