{"cameraMode":{"drawMode":0,"name":"Shaded","section":"Shading Mode"},"sceneLighting":false,"audioPlay":false,"sceneViewState":{"showFog":true,"showMaterialUpdate":false,"showSkybox":false,"showFlares":true,"showImageEffects":true,"showParticleSystems":true,"showVisualEffectGraphs":true,"m_FxEnabled":true},"in2DMode":false,"pivot":{"x":-14.8100004196167,"y":13.539999961853028,"z":9.640000343322754},"rotation":{"x":-0.05821315571665764,"y":0.1379309892654419,"z":-0.008137177675962448,"w":-0.988747775554657},"size":0.00003468805880402215,"orthographic":false}