{"cameraMode":{"drawMode":0,"name":"Shaded","section":"Shading Mode"},"sceneLighting":false,"audioPlay":false,"sceneViewState":{"showFog":true,"showMaterialUpdate":false,"showSkybox":false,"showFlares":true,"showImageEffects":true,"showParticleSystems":true,"showVisualEffectGraphs":true,"m_FxEnabled":true},"in2DMode":false,"pivot":{"x":-0.37558960914611819,"y":-0.23532843589782716,"z":1.408757209777832},"rotation":{"x":-0.06571967154741287,"y":0.1274813711643219,"z":-0.00848153606057167,"w":-0.9896755218505859},"size":3.2237203121185304,"orthographic":false}